,City,Country,Lat,Lng,Max Temp,Humidity,Cloudiness,Wind Speed,Weather Description
0,Rikitea,PF,-23.1203,-134.9692,76.26,77,96,12.71,moderate rain
1,Isangel,VU,-19.55,169.2667,77.72,87,100,15.19,moderate rain
2,Hobart,AU,-42.8794,147.3294,45.27,86,75,10.36,broken clouds
3,Barrow,US,71.2906,-156.7887,26.62,93,100,21.85,overcast clouds
4,Clyde River,CA,70.4692,-68.5914,23.23,100,75,14.97,mist
5,Sitka,US,57.0531,-135.33,55.29,67,20,9.22,few clouds
6,Beloha,MG,-25.1667,45.05,67.42,69,0,6.69,clear sky
7,Port Alfred,ZA,-33.5906,26.891,57.18,94,100,1.99,moderate rain
8,Georgetown,MY,5.4112,100.3354,82.33,88,20,2.3,few clouds
9,Halifax,CA,44.6453,-63.5724,60.69,52,75,10.36,broken clouds
10,Mataura,NZ,-46.1927,168.8643,41.49,88,99,6.2,light rain
11,Nicoya,CR,10.1483,-85.452,81.19,74,87,2.17,overcast clouds
12,Katsuura,JP,35.1333,140.3,68.67,75,100,13.35,overcast clouds
13,Kamenka,RU,51.3223,42.7678,46.99,83,90,7.34,overcast clouds
14,Tomatlan,MX,19.9333,-105.25,86.68,38,23,12.64,few clouds
15,Eureka,US,40.8021,-124.1637,64.67,64,86,17.0,overcast clouds
16,Vestmanna,FO,62.1564,-7.1664,47.84,95,100,15.79,overcast clouds
17,Rantoul,US,40.3084,-88.1559,81.34,49,0,18.41,clear sky
18,Busselton,AU,-33.65,115.3333,59.7,82,69,5.14,broken clouds
19,Punta Arenas,CL,-53.15,-70.9167,41.11,100,100,25.32,fog
20,Dunedin,NZ,-45.8742,170.5036,45.81,63,100,11.99,moderate rain
21,Ushuaia,AR,-54.8,-68.3,53.26,58,20,4.61,few clouds
22,Nago,JP,26.5881,127.9761,75.63,94,100,16.37,light rain
23,Puerto Madero,MX,14.7208,-92.4215,84.94,67,96,6.49,overcast clouds
24,Bluff,NZ,-46.6,168.3333,41.81,77,97,21.14,light rain
25,Santa Isabel,BR,-23.3156,-46.2214,53.31,93,63,3.09,broken clouds
26,Hilo,US,19.7297,-155.09,95.29,65,100,12.66,overcast clouds
27,Kapaa,US,22.0752,-159.319,80.58,92,100,16.11,light rain
28,Abu Dhabi,AE,24.4667,54.3667,85.96,62,0,4.61,clear sky
29,Saskylakh,RU,71.9167,114.0833,32.18,90,100,2.73,overcast clouds
30,San Patricio,US,28.017,-97.5169,89.55,53,0,20.71,clear sky
31,Tarko-Sale,RU,64.9225,77.785,52.41,84,100,19.73,light rain
32,Birakan,RU,49.0167,131.7,53.96,49,100,4.9,overcast clouds
33,San Cristobal,VE,7.7669,-72.225,77.18,88,100,4.74,overcast clouds
34,Fuyang,CN,32.9,115.8167,64.81,72,100,1.52,overcast clouds
35,East London,ZA,-33.0153,27.9116,62.31,88,90,13.47,overcast clouds
36,Tuktoyaktuk,CA,69.4541,-133.0374,32.0,93,100,5.75,overcast clouds
37,Izhma,RU,65.0083,53.9113,33.89,72,99,8.66,overcast clouds
38,Liverpool,GB,53.4106,-2.9779,57.74,69,20,1.14,few clouds
39,Baykit,RU,61.67,96.37,52.99,66,100,5.17,overcast clouds
40,Kijabe,KE,-0.933,36.5758,52.21,91,89,5.26,overcast clouds
41,Arraial Do Cabo,BR,-22.9661,-42.0278,66.16,82,20,24.16,few clouds
42,Khatanga,RU,71.9667,102.5,28.96,91,74,0.69,broken clouds
43,Kozlovka,RU,55.8428,48.2492,35.92,90,60,3.44,broken clouds
44,Olafsvik,IS,64.8945,-23.7142,47.01,83,87,6.96,overcast clouds
45,Faya,SA,18.3851,42.4509,68.11,17,1,6.64,clear sky
46,Takoradi,GH,4.8845,-1.7554,79.93,86,100,8.61,overcast clouds
47,Avarua,CK,-21.2078,-159.775,77.05,94,75,18.41,broken clouds
48,Kodiak,US,57.79,-152.4072,60.31,41,0,13.8,clear sky
49,Ancud,CL,-41.8697,-73.8203,55.72,86,100,16.55,light rain
50,Ahipara,NZ,-35.1667,173.1667,63.39,79,99,20.78,light rain
51,Bowen,AU,-20.0167,148.2333,74.71,78,83,15.32,broken clouds
52,Iracoubo,GF,5.4802,-53.2011,77.11,85,62,6.64,broken clouds
53,Piacabucu,BR,-10.4056,-36.4344,77.14,90,96,3.29,overcast clouds
54,Puerto Ayora,EC,-0.7393,-90.3518,80.56,94,93,4.0,overcast clouds
55,Torbay,CA,47.6666,-52.7314,49.26,75,20,19.57,few clouds
56,Vila Franca Do Campo,PT,37.7167,-25.4333,62.2,83,46,8.84,scattered clouds
57,Qaanaaq,GL,77.484,-69.3632,23.47,79,94,6.8,overcast clouds
58,Yellowknife,CA,62.456,-114.3525,52.32,30,20,10.36,few clouds
59,Srednekolymsk,RU,67.45,153.6833,54.41,38,77,15.26,broken clouds
60,Itarema,BR,-2.9248,-39.9167,77.38,87,90,6.31,overcast clouds
61,Alofi,NU,-19.0595,-169.9187,78.69,89,75,12.66,broken clouds
62,Banda,IN,25.4833,80.3333,93.51,12,0,0.98,clear sky
63,Kitimat,CA,54.0524,-128.6534,57.58,59,99,1.95,overcast clouds
64,Yulara,AU,-25.2406,130.9889,53.53,69,4,9.04,clear sky
65,Cayenne,GF,4.9333,-52.3333,80.1,1,100,2.3,overcast clouds
66,Kaseda,JP,31.4167,130.3167,67.17,72,100,6.35,moderate rain
67,Bethel,US,41.3712,-73.414,63.86,84,97,1.01,overcast clouds
68,Toora-Khem,RU,52.4675,96.11,55.92,51,8,4.16,clear sky
69,Atar,MR,20.5169,-13.0499,86.74,15,84,5.57,broken clouds
70,Avera,US,33.194,-82.5271,91.54,39,50,9.55,scattered clouds
71,Taga,RO,46.95,24.05,48.52,81,36,0.27,scattered clouds
72,Cumana,VE,10.4635,-64.1775,79.77,77,87,11.99,overcast clouds
73,Jati,PK,24.3539,68.2671,80.35,83,0,16.55,clear sky
74,Zhangjiakou,CN,40.81,114.8794,65.3,42,5,1.43,clear sky
75,Port Elizabeth,ZA,-33.918,25.5701,55.69,97,40,9.22,moderate rain
76,Saint-Philippe,RE,-21.3585,55.7679,67.59,75,39,9.51,scattered clouds
77,Cam Ranh,VN,11.9214,109.1591,78.76,89,20,1.14,few clouds
78,Butaritari,KI,3.0707,172.7902,82.4,66,74,13.29,broken clouds
79,Tiksi,RU,71.6872,128.8694,29.95,91,100,8.68,overcast clouds
80,Jamestown,US,42.097,-79.2353,68.52,52,0,6.91,clear sky
81,Navolato,MX,24.7672,-107.6944,89.64,59,0,12.21,clear sky
82,Albany,US,42.6001,-73.9662,62.46,85,89,9.17,overcast clouds
83,College,US,64.8569,-147.8028,65.08,35,40,4.61,scattered clouds
84,Vieste,IT,41.8825,16.175,65.35,56,0,5.73,clear sky
85,Letlhakane,BW,-21.4167,25.5833,60.96,55,15,7.16,few clouds
86,Kloulklubed,PW,7.0419,134.2556,82.87,79,100,17.18,overcast clouds
87,Cherskiy,RU,68.75,161.3,53.78,48,32,11.07,scattered clouds
88,Ostrov,RU,57.3439,28.3537,51.53,83,100,8.39,overcast clouds
89,Laguna Beach,US,33.5423,-117.7831,74.01,78,75,10.36,broken clouds
90,Port Blair,IN,11.6667,92.75,75.24,94,100,2.3,drizzle
91,Esna,EG,25.2934,32.554,86.02,9,37,10.71,scattered clouds
92,Kaminoyama,JP,38.1539,140.2736,67.91,54,96,3.78,overcast clouds
93,Kununurra,AU,-15.7667,128.7333,71.58,83,0,0.0,clear sky
94,Pisco,PE,-13.7,-76.2167,68.05,77,0,11.5,clear sky
95,Meadow Lake,US,34.8014,-106.5436,91.4,7,1,22.12,clear sky
96,Ponta Do Sol,PT,32.6667,-17.1,68.72,79,99,2.75,overcast clouds
97,Nishihara,JP,26.1842,127.7558,74.68,94,75,12.66,light rain
98,Ugoofaaru,MV,5.6667,73.0,83.12,79,100,16.33,overcast clouds
99,Mayo,US,38.8876,-76.5119,82.56,52,0,8.05,clear sky
100,Homer,US,59.6425,-151.5483,55.45,50,1,3.31,clear sky
101,Mahon,ES,39.8885,4.2658,68.56,83,0,8.05,clear sky
102,Kaitangata,NZ,-46.2817,169.8464,44.64,78,100,10.65,overcast clouds
103,Nikolskoye,RU,59.7035,30.7861,40.87,70,2,2.13,clear sky
104,Banda Aceh,ID,5.5577,95.3222,80.13,82,100,9.08,overcast clouds
105,Atuona,PF,-9.8,-139.0333,77.68,64,13,9.46,few clouds
106,Vanavara,RU,60.34,102.2797,50.92,63,91,3.62,overcast clouds
107,Araouane,ML,18.9048,-3.5265,90.48,9,65,6.46,broken clouds
108,Mahebourg,MU,-20.4081,57.7,73.69,83,40,4.61,scattered clouds
109,Tual,ID,-5.6667,132.75,83.7,72,66,18.75,broken clouds
110,Lebu,CL,-37.6167,-73.65,55.17,93,100,24.92,overcast clouds
111,Bredasdorp,ZA,-34.5322,20.0403,50.86,62,9,4.52,clear sky
112,Seoul,KR,37.5683,126.9778,62.17,59,0,6.91,clear sky
113,Hamilton,US,39.1834,-84.5333,80.78,68,11,1.01,few clouds
114,Muros,ES,42.7762,-9.0603,61.09,80,100,6.73,overcast clouds
115,Vaini,TO,-21.2,-175.2,80.76,69,40,9.22,scattered clouds
116,Thompson,CA,55.7435,-97.8558,37.56,56,100,10.36,overcast clouds
117,Veraval,IN,20.9,70.3667,81.09,79,7,13.47,clear sky
118,Myskhako,RU,44.6714,37.7433,53.38,90,100,6.11,light rain
119,Valdemarpils,LV,57.3707,22.5919,52.83,97,100,3.4,overcast clouds
120,Upernavik,GL,72.7868,-56.1549,28.58,90,61,8.25,broken clouds
121,Los Alamos,US,35.8881,-106.307,83.93,10,0,20.71,clear sky
122,Dali,CN,25.7,100.1833,58.57,90,6,3.85,clear sky
123,Faanui,PF,-16.4833,-151.75,80.8,72,13,10.02,light rain
124,Leningradskiy,RU,69.3833,178.4167,35.15,95,98,2.53,overcast clouds
125,Kirakira,SB,-10.4544,161.9205,84.72,67,0,0.98,clear sky
126,Dingle,PH,10.9995,122.6711,81.12,81,46,4.07,scattered clouds
127,Eldorado,BR,-23.7869,-54.2836,55.08,79,5,1.92,clear sky
128,Hermanus,ZA,-34.4187,19.2345,56.03,58,4,1.25,clear sky
129,Sibolga,ID,1.7427,98.7792,76.39,86,81,3.18,broken clouds
130,Arroyo,ES,41.6096,-4.7969,71.6,60,0,0.0,clear sky
131,Chuy,UY,-33.6971,-53.4616,51.31,78,19,3.42,few clouds
132,Hays,US,30.0502,-98.0336,96.46,36,12,5.99,few clouds
133,Lithakia,GR,37.7167,20.8333,56.57,50,0,8.01,clear sky
134,New Norfolk,AU,-42.7826,147.0587,45.91,80,7,2.08,clear sky
135,San Andres,CO,12.5847,-81.7006,84.22,84,40,6.91,scattered clouds
136,Banganapalle,IN,15.3167,78.2333,79.29,80,100,11.21,overcast clouds
137,Kruisfontein,ZA,-34.0033,24.7314,52.88,94,100,9.64,moderate rain
138,Leh,IN,34.1667,77.5833,44.89,59,91,5.57,overcast clouds
139,Colac,AU,-38.3333,143.5833,50.83,79,7,3.51,clear sky
140,Ixtapa,MX,20.7,-105.2,87.39,39,5,7.49,clear sky
141,Rehnan,IR,32.6846,51.6013,54.91,15,1,4.59,clear sky
142,Saldanha,ZA,-33.0117,17.9442,48.25,63,0,18.63,clear sky
143,Dijkot,PK,31.2167,72.9833,88.23,12,3,4.12,clear sky
144,Ribas Do Rio Pardo,BR,-20.4431,-53.7592,54.12,62,1,5.57,clear sky
145,Boyolangu,ID,-8.1181,111.8935,75.69,93,92,0.43,light rain
146,Sao Joao Da Barra,BR,-21.6403,-41.0511,66.24,65,3,18.28,clear sky
147,Aswan,EG,24.0934,32.907,85.12,9,5,11.18,clear sky
148,Rio Gallegos,AR,-51.6226,-69.2181,42.85,100,100,6.91,drizzle
149,Estelle,US,29.8458,-90.1067,88.0,60,66,11.99,broken clouds
150,Coihaique,CL,-45.5752,-72.0662,39.81,81,75,0.0,broken clouds
151,Padang,ID,-0.9492,100.3543,73.45,76,100,3.11,overcast clouds
152,Mar Del Plata,AR,-38.0023,-57.5575,50.95,76,0,5.75,clear sky
153,Mineiros,BR,-17.5694,-52.5511,50.79,62,100,4.23,overcast clouds
154,Mount Gambier,AU,-37.8333,140.7667,49.93,75,9,5.66,clear sky
155,Batemans Bay,AU,-35.7167,150.1833,54.1,65,93,5.93,overcast clouds
156,Tuatapere,NZ,-46.1333,167.6833,43.79,84,95,15.14,light rain
157,Victor Harbor,AU,-35.5667,138.6167,45.68,76,33,8.57,scattered clouds
158,Krasnoselkup,RU,65.7,82.4667,50.97,83,97,14.2,overcast clouds
159,Lasa,IT,46.6166,10.7002,59.68,89,98,2.08,overcast clouds
160,Aklavik,CA,68.2191,-135.0107,41.0,60,40,3.44,scattered clouds
161,Golden,US,39.7555,-105.2211,88.7,14,75,37.98,broken clouds
162,Salalah,OM,17.0151,54.0924,79.5,76,73,4.43,broken clouds
163,Hangu,CN,39.2489,117.7892,71.64,42,54,5.1,broken clouds
164,Ribeira Grande,PT,38.5167,-28.7,60.26,76,37,4.14,scattered clouds
165,Coquimbo,CL,-29.9533,-71.3436,60.53,63,0,6.91,clear sky
166,Guerrero Negro,MX,27.9769,-114.0611,67.62,59,0,16.46,clear sky
167,Vostok,RU,46.4856,135.8833,53.6,79,56,4.25,broken clouds
168,Shakhtinsk,KZ,49.71,72.5872,50.94,49,29,6.58,scattered clouds
169,Srivardhan,IN,18.0333,73.0167,81.34,81,98,7.85,overcast clouds
170,Harwich,GB,51.9419,1.2844,58.21,89,73,1.99,broken clouds
171,Wonthaggi,AU,-38.6044,145.5913,52.83,64,93,4.88,overcast clouds
172,Launceston,AU,-41.45,147.1667,42.15,93,0,5.75,clear sky
173,Kamyshin,RU,50.0983,45.416,51.66,64,100,2.13,moderate rain
174,Bengkulu,ID,-3.8004,102.2655,75.15,88,46,3.65,scattered clouds
175,Chokurdakh,RU,70.6333,147.9167,32.41,97,72,4.52,broken clouds
176,Batocina,RS,44.1536,21.0817,51.31,65,0,3.8,clear sky
177,Saint George,US,37.1041,-113.5841,95.63,9,81,13.0,broken clouds
178,Urman,RU,54.8831,56.8742,37.08,98,61,6.22,broken clouds
179,Itamaraju,BR,-17.0392,-39.5311,61.45,47,61,5.01,broken clouds
180,Sistranda,NO,63.7256,8.834,48.16,90,34,9.55,scattered clouds
181,Namibe,AO,-15.1961,12.1522,67.21,79,19,8.12,few clouds
182,Evensk,RU,61.95,159.2333,41.02,80,100,15.77,overcast clouds
183,Khani,GE,41.9563,42.9566,42.37,99,100,4.36,overcast clouds
184,Tasiilaq,GL,65.6145,-37.6368,37.56,81,100,4.97,overcast clouds
185,Kichera,RU,55.9375,110.0997,54.54,61,18,1.97,few clouds
186,Mackenzie,CA,55.2999,-123.1698,53.98,35,99,11.07,overcast clouds
187,Teya,RU,60.3778,92.6267,54.95,71,93,1.01,overcast clouds
188,Palmer,US,42.1584,-72.3287,59.65,82,98,6.55,overcast clouds
189,Terney,RU,45.0503,136.6092,61.12,61,47,4.99,scattered clouds
190,Jiangkou,CN,25.4872,119.1986,70.18,79,44,2.64,scattered clouds
191,Houma,US,29.5958,-90.7195,87.01,68,20,8.99,few clouds
192,Katherine,AU,-14.4667,132.2667,71.92,64,4,6.91,clear sky
193,Englewood,US,39.6478,-104.9878,89.1,12,95,7.0,overcast clouds
194,Kavieng,PG,-2.5744,150.7967,83.43,73,13,7.78,light rain
195,San Ignacio,BZ,17.1561,-89.0714,91.15,46,61,11.16,broken clouds
196,Mahibadhoo,MV,3.7833,72.9667,82.44,79,100,14.83,very heavy rain
197,Bacolod,PH,10.6667,122.95,82.11,75,49,1.23,scattered clouds
198,Makakilo City,US,21.3469,-158.0858,84.0,73,100,9.22,light rain
199,Los Llanos De Aridane,ES,28.6585,-17.9182,67.75,93,75,14.97,broken clouds
200,Fort Nelson,CA,58.8053,-122.7002,58.59,20,40,14.97,scattered clouds
201,Sarzedo,BR,-20.0353,-44.1447,56.1,73,37,4.54,scattered clouds
202,Sarangani,PH,5.4033,125.4636,83.16,76,41,14.12,scattered clouds
203,Oussouye,SN,12.485,-16.5469,76.3,77,41,8.81,scattered clouds
204,Castro,BR,-24.7911,-50.0119,44.85,77,5,2.82,clear sky
205,Quatre Cocos,MU,-20.2078,57.7625,71.1,82,68,11.07,light rain
206,Klaksvik,FO,62.2266,-6.589,48.47,98,100,21.32,light rain
207,Samarai,PG,-10.6167,150.6667,81.9,73,43,6.02,scattered clouds
208,Derby,GB,52.9228,-1.4766,56.52,76,0,9.22,clear sky
209,Alice Springs,AU,-23.7,133.8833,45.95,100,0,0.0,clear sky
210,Mubi,NG,10.2676,13.2644,80.01,58,95,3.56,overcast clouds
211,Romny,UA,50.751,33.4747,45.5,78,41,7.92,scattered clouds
212,Sayat,TM,38.7839,63.8803,79.09,16,7,16.87,clear sky
213,Mumford,GH,5.2618,-0.759,80.02,85,100,6.87,light rain
214,Ucluelet,CA,48.9329,-125.5528,57.09,74,22,7.0,few clouds
215,Port Hardy,CA,50.6996,-127.4199,49.71,71,25,14.05,scattered clouds
216,Pasighat,IN,28.0667,95.3333,69.53,98,95,0.45,overcast clouds
217,Disna,BY,55.568,28.1971,48.74,91,90,2.19,overcast clouds
218,Richards Bay,ZA,-28.783,32.0377,66.34,80,1,7.45,clear sky
219,Ayr,GB,55.4627,-4.6339,53.58,76,0,12.66,clear sky
220,Raton,US,36.9034,-104.4391,82.06,20,40,1.01,scattered clouds
221,Cortes,ES,41.9395,-1.4396,74.48,59,100,16.22,overcast clouds
222,Caravelas,BR,-17.7125,-39.2481,67.69,44,51,7.14,broken clouds
223,Lorengau,PG,-2.0226,147.2712,83.26,78,20,5.06,few clouds
224,Buala,SB,-8.145,159.5921,84.7,67,2,1.63,clear sky
225,Kalaleh,IR,37.3807,55.4916,71.56,44,0,6.08,clear sky
226,Xining,CN,36.6167,101.7667,51.08,65,86,1.7,overcast clouds
227,Dalbandin,PK,28.8947,64.4101,82.6,10,0,6.67,clear sky
228,Vanimo,PG,-2.6741,141.3028,81.09,80,91,3.58,overcast clouds
229,Victoria,HK,22.2855,114.1577,80.19,82,32,3.0,scattered clouds
230,Plainview,US,40.7765,-73.4673,66.74,77,0,6.91,clear sky
231,Norman Wells,CA,65.282,-126.8329,54.86,47,71,6.87,broken clouds
232,Poum,NC,-20.2333,164.0167,78.22,73,2,3.94,clear sky
233,Codrington,AU,-38.2667,141.9667,52.72,71,60,7.07,broken clouds
234,Wadena,US,46.4425,-95.1361,56.95,76,100,5.75,overcast clouds
235,Ubata,BR,-14.2139,-39.5228,65.41,72,68,2.08,broken clouds
236,Sharya,RU,58.3686,45.5144,34.92,99,100,5.23,light snow
237,Snezhnogorsk,RU,69.1933,33.2531,31.78,76,71,5.1,broken clouds
238,Lugo,ES,43.0,-7.5,55.9,100,100,1.52,overcast clouds
239,Ust-Kuyga,RU,70.0167,135.6,33.58,99,100,3.13,overcast clouds
240,Carnarvon,AU,-24.8667,113.6333,67.39,63,47,13.94,scattered clouds
241,Kaihua,CN,23.3687,104.28,64.24,97,93,3.91,overcast clouds
242,Jagdalpur,IN,19.0667,82.0333,79.63,76,100,4.32,overcast clouds
243,Dikson,RU,73.5069,80.5464,28.29,83,100,10.92,overcast clouds
244,Puerto Carreno,CO,6.189,-67.4859,75.02,89,98,6.4,overcast clouds
245,Jiujiang,CN,29.7333,115.9833,62.15,95,100,3.13,overcast clouds
246,Santa Cruz,BO,-17.8,-63.1667,62.65,42,83,4.61,broken clouds
247,Narsaq,GL,60.9167,-46.05,46.62,64,11,5.14,few clouds
248,Saint Anthony,US,45.0205,-93.218,70.3,72,0,17.27,clear sky
249,Boat Of Garten,GB,57.2491,-3.759,51.35,87,69,5.75,broken clouds
250,Twentynine Palms,US,34.1356,-116.0542,98.74,9,1,11.01,clear sky
251,Sorong,ID,-0.8833,131.25,78.22,90,74,9.98,broken clouds
252,Severomorsk,RU,69.0689,33.4162,32.4,80,78,3.51,broken clouds
253,Naze,JP,28.3667,129.4833,68.85,86,100,16.44,moderate rain
254,Sao Filipe,CV,14.8961,-24.4956,74.68,71,41,5.79,scattered clouds
255,Angoche,MZ,-16.2325,39.9086,73.87,76,5,1.7,clear sky
256,Souillac,MU,-20.5167,57.5167,72.72,85,57,11.68,light rain
257,Komsomolskiy,UZ,40.4272,71.7189,66.92,59,70,6.91,broken clouds
258,Rancho Palos Verdes,US,33.7445,-118.387,73.92,83,43,7.0,scattered clouds
259,Minjur,IN,13.2667,80.2667,84.0,63,58,12.97,broken clouds
260,Fayaoue,NC,-20.65,166.5333,77.97,84,78,25.7,broken clouds
261,Hithadhoo,MV,-0.6,73.0833,83.12,72,55,12.44,broken clouds
262,Nikolsk,RU,53.7189,46.0712,38.16,95,54,5.39,broken clouds
263,Fortuna,US,40.5982,-124.1573,61.86,63,20,21.85,few clouds
264,Maragogi,BR,-9.0122,-35.2225,79.29,84,95,11.12,overcast clouds
265,Fairbanks,US,64.8378,-147.7164,67.01,33,19,1.99,few clouds
266,La Ronge,CA,55.1001,-105.2842,47.14,35,90,14.52,overcast clouds
267,Colesberg,ZA,-30.72,25.0972,53.17,75,96,7.07,light rain
268,Turukhansk,RU,65.8167,87.9833,48.78,58,27,13.35,scattered clouds
269,Henties Bay,NA,-22.116,14.2845,58.73,85,0,10.38,clear sky
270,Capaci,IT,38.1711,13.2393,68.25,72,0,4.61,clear sky
271,Flinders,AU,-34.5833,150.8552,56.17,82,99,4.0,light rain
272,Imst,AT,47.2684,10.6698,52.25,87,100,3.8,overcast clouds
273,Qasigiannguit,GL,68.8193,-51.1922,32.25,75,0,3.0,clear sky
274,Constitucion,CL,-35.3333,-72.4167,55.72,92,94,17.76,overcast clouds
275,Barahona,DO,18.2085,-71.1008,84.02,79,40,9.22,scattered clouds
276,Rockport,US,28.0206,-97.0544,86.04,82,40,21.85,scattered clouds
277,Lahat,ID,-3.8,103.5333,71.08,93,74,2.04,broken clouds
278,Meulaboh,ID,4.1363,96.1285,76.82,89,99,3.98,overcast clouds
279,Saint-Francois,FR,46.4154,3.9054,71.04,46,0,6.91,clear sky
280,Provideniya,RU,64.3833,-173.3,37.51,87,75,2.24,broken clouds
281,Amapa,BR,1.0,-52.0,71.47,100,100,3.09,overcast clouds
282,Airai,TL,-8.9266,125.4092,61.7,78,32,3.58,scattered clouds
283,Westport,US,41.1415,-73.3579,66.27,88,40,6.91,scattered clouds
284,Rabo De Peixe,PT,37.8,-25.5833,61.29,87,40,9.22,scattered clouds
285,Qingdao,CN,36.0986,120.3719,63.82,70,47,5.66,scattered clouds
286,Esperance,AU,-33.8667,121.9,60.13,71,83,6.91,broken clouds
287,Muroto,JP,33.2833,134.15,68.07,60,100,4.03,overcast clouds
288,Hibbing,US,47.4272,-92.9377,56.55,43,20,5.75,few clouds
289,Balabac,PH,7.9868,117.0645,83.68,77,95,9.62,overcast clouds
290,Paamiut,GL,61.994,-49.6678,35.06,87,63,6.35,broken clouds
291,Bambous Virieux,MU,-20.3428,57.7575,71.22,82,67,12.19,light rain
292,Alyangula,AU,-13.8483,136.4192,80.91,69,5,8.16,clear sky
293,Lompoc,US,34.6391,-120.4579,84.02,63,0,30.0,clear sky
294,Villa Guerrero,MX,18.8667,-99.65,87.42,23,67,4.16,broken clouds
295,Cabo San Lucas,MX,22.8909,-109.9124,89.62,63,0,19.57,clear sky
296,Imbituba,BR,-28.24,-48.6703,62.1,72,6,5.99,clear sky
297,Ossora,RU,59.2353,163.0719,36.9,99,100,5.26,overcast clouds
298,Lavrentiya,RU,65.5833,-171.0,34.16,99,86,6.49,overcast clouds
299,Rocha,UY,-34.4833,-54.3333,46.89,89,6,4.05,clear sky
300,Novyy Urengoy,RU,66.0833,76.6333,44.82,94,100,14.58,overcast clouds
301,Qaqortoq,GL,60.7167,-46.0333,38.1,65,15,5.5,few clouds
302,Skegness,GB,53.1436,0.3363,55.47,84,63,11.65,broken clouds
303,Ilulissat,GL,69.2167,-51.1,32.02,86,0,1.14,clear sky
304,Cape Town,ZA,-33.9258,18.4232,55.9,68,8,7.0,clear sky
305,Lady Frere,ZA,-31.7031,27.2329,57.06,67,100,2.86,light rain
306,Ketchikan,US,55.3422,-131.6461,57.67,58,40,5.75,scattered clouds
307,Rajshahi,BD,24.3667,88.6,79.34,87,40,11.9,scattered clouds
308,Baculin,PH,7.4525,126.5842,81.12,77,80,1.23,broken clouds
309,Praya,CV,14.9215,-23.5087,72.14,78,0,12.66,clear sky
310,Buchanan,LR,5.8808,-10.0467,78.04,89,97,6.44,light rain
311,Longyearbyen,SJ,78.2186,15.6401,30.04,69,75,10.36,broken clouds
312,Sumbe,AO,-11.2061,13.8437,72.99,89,1,7.56,clear sky
313,Natal,BR,-5.795,-35.2094,81.25,89,20,4.61,few clouds
314,Nemuro,JP,43.3236,145.575,47.89,94,85,17.11,overcast clouds
315,Nanortalik,GL,60.1432,-45.2371,37.35,65,35,10.94,scattered clouds
316,Cabatuan,PH,10.8794,122.486,81.32,79,38,4.92,scattered clouds
317,Havelock,US,34.8791,-76.9013,85.98,85,27,5.99,scattered clouds
318,Yar-Sale,RU,66.8333,70.8333,33.55,98,100,20.65,overcast clouds
319,Severnoye,RU,56.3491,78.3619,49.71,71,37,13.06,scattered clouds
320,Aripuana,BR,-9.1667,-60.6333,66.13,59,60,1.32,broken clouds
321,Bubaque,GW,11.2833,-15.8333,78.98,82,80,17.96,broken clouds
322,Montauban,FR,44.0833,1.5,66.4,53,9,9.4,clear sky
323,Aksu,CN,41.1231,80.2644,69.37,31,93,2.33,overcast clouds
324,Isla Mujeres,MX,21.2311,-86.731,86.16,76,31,14.79,scattered clouds
325,Tura,IN,25.5198,90.2201,69.13,95,99,3.76,overcast clouds
326,Prado,BR,-17.3411,-39.2208,66.11,50,60,10.02,broken clouds
327,Urucui,BR,-7.2294,-44.5561,79.63,64,93,3.09,overcast clouds
328,Asino,RU,56.9979,86.1452,54.0,77,55,12.71,broken clouds
329,Pangnirtung,CA,66.1451,-65.7125,32.5,90,100,1.3,overcast clouds
330,Sabang,ID,5.8933,95.3214,83.05,77,100,13.91,overcast clouds
331,Praia,CV,14.9215,-23.5087,72.14,78,0,12.66,clear sky
332,Bayan,CN,46.0833,127.4,65.46,53,62,8.46,broken clouds
333,Oistins,BB,13.0667,-59.5333,80.69,78,20,16.11,few clouds
334,Mirabad,AF,30.4362,61.8383,81.18,19,0,11.43,clear sky
335,Doha,QA,25.2867,51.5333,93.18,21,0,12.66,clear sky
336,Batman,TR,37.8874,41.1322,58.8,72,0,3.44,clear sky
337,Morwell,AU,-38.2333,146.4,51.4,58,94,0.38,overcast clouds
338,Jasper,US,37.2001,-94.3502,84.67,74,40,10.36,scattered clouds
339,Sola,VU,-13.8833,167.55,81.95,75,17,13.15,few clouds
340,Lata,PT,40.1629,-8.3327,62.92,68,100,2.77,overcast clouds
341,Bonfim,BR,3.0833,-59.95,75.87,87,100,4.99,overcast clouds
342,Maha Sarakham,TH,16.3333,103.6667,76.01,91,100,6.04,overcast clouds
343,Haines Junction,CA,60.7522,-137.5108,54.93,38,19,5.06,few clouds
344,Kavaratti,IN,10.5669,72.642,82.99,77,99,10.4,overcast clouds
345,Kjollefjord,NO,70.9457,27.3465,37.45,74,96,4.18,overcast clouds
346,Benemerito De Las Americas,MX,16.5167,-90.6439,97.18,28,96,2.01,overcast clouds
347,Tessalit,ML,20.1986,1.0114,88.27,10,3,11.79,clear sky
348,Dan Khun Thot,TH,15.2085,101.7714,74.37,93,100,5.28,overcast clouds
349,Puerto Penasco,MX,31.3167,-113.5333,75.9,67,0,10.0,clear sky
350,Pacsa,HU,46.7198,17.014,54.79,62,0,4.61,clear sky
351,Devrek,TR,41.2192,31.9558,44.11,94,8,3.67,clear sky
352,Lazaro Cardenas,MX,17.9583,-102.2,83.26,56,42,12.8,scattered clouds
353,Bilma,NE,18.6853,12.9164,92.55,18,97,8.57,overcast clouds
354,Roma,US,43.2128,-75.4557,58.73,85,100,10.36,overcast clouds
355,Vao,NC,-22.6667,167.4833,75.78,81,63,21.25,broken clouds
356,Dudinka,RU,69.4058,86.1778,34.63,80,100,10.67,overcast clouds
357,Severo-Kurilsk,RU,50.6789,156.125,43.38,89,100,6.26,overcast clouds
358,Alta Floresta,BR,-9.8756,-56.0861,63.12,59,64,1.25,broken clouds
359,Furth Im Wald,DE,49.3097,12.84,64.42,86,98,2.53,light rain
360,Kapoeta,SS,4.7717,33.5903,80.51,52,81,4.18,broken clouds
361,Te Anau,NZ,-45.4167,167.7167,40.69,91,98,0.89,overcast clouds
362,Borogontsy,RU,62.6683,131.1683,42.06,81,97,10.25,overcast clouds
363,Grand-Santi,GF,4.25,-54.3833,72.34,99,100,1.43,overcast clouds
364,Marion,US,39.7684,-86.1555,78.58,75,100,12.66,light rain
365,Sao Miguel,BR,-5.4667,-35.3667,81.37,85,78,9.33,broken clouds
366,Kirkuk,IQ,35.4681,44.3922,79.56,19,1,3.71,clear sky
367,Impfondo,CG,1.6381,18.0667,73.47,94,99,1.12,light rain
368,Tottori,JP,35.5,134.2333,66.56,69,100,4.88,overcast clouds
369,Port-Gentil,GA,-0.7193,8.7815,80.56,83,40,5.75,scattered clouds
370,Berlevag,NO,70.8578,29.0864,33.75,75,100,3.44,overcast clouds
371,Broome,US,42.2506,-75.833,67.8,73,20,8.05,few clouds
372,Mantua,IT,45.1667,10.7833,69.04,66,61,1.99,broken clouds
373,Waipawa,NZ,-41.4122,175.5153,51.57,88,80,20.56,light rain
374,Labuhan,ID,-6.8844,112.2051,77.77,88,99,7.78,overcast clouds
375,Cabangahan,PH,9.0781,122.9469,82.09,77,53,5.97,broken clouds
376,Payakumbuh,ID,-0.2202,100.6308,68.34,93,97,2.37,overcast clouds
377,Isabela,PH,6.7085,121.9711,81.03,84,89,0.45,overcast clouds
378,Pudozh,RU,61.8099,36.5345,30.27,88,28,4.14,scattered clouds
379,Geraldton,AU,-28.7667,114.6,61.21,94,40,6.91,scattered clouds
380,Sioux Lookout,CA,50.1001,-91.917,58.39,41,89,6.82,overcast clouds
381,Pallasovka,RU,50.05,46.8833,52.02,81,100,3.53,overcast clouds
382,Urucara,BR,-2.5364,-57.76,70.93,96,100,1.74,overcast clouds
383,Masuguru,TZ,-11.3667,38.4167,68.94,98,92,2.66,overcast clouds
384,Thakurgaon,BD,26.0333,88.4667,71.94,94,27,13.29,scattered clouds
385,Kumylzhenskaya,RU,49.8809,42.5898,47.98,73,92,3.31,overcast clouds
386,Gorokhovets,RU,56.1947,42.7003,35.91,90,52,6.22,broken clouds
387,Sur,OM,22.5667,59.5289,89.28,40,0,13.35,clear sky
388,Korla,CN,41.7597,86.1469,73.4,21,72,12.33,broken clouds
389,Berdigestyakh,RU,62.0989,126.6992,42.01,88,93,8.48,overcast clouds
390,Balaguer,ES,41.7912,0.8109,74.16,56,86,7.18,overcast clouds
391,Saint-Leu,RE,-21.15,55.2833,68.83,71,30,5.28,scattered clouds
392,Pevek,RU,69.7008,170.3133,32.54,99,100,3.4,overcast clouds
393,Ende,ID,-8.8432,121.6623,77.81,82,10,4.32,clear sky
394,Mogadishu,SO,2.0371,45.3438,79.7,79,44,17.16,scattered clouds
395,Wagar,SD,16.1525,36.2032,88.66,24,51,7.87,broken clouds
396,Bisho,ZA,-32.8472,27.4422,55.6,97,100,5.35,light rain
397,Tsalka,GE,41.5946,44.0891,39.76,97,98,7.02,overcast clouds
398,Port Hedland,AU,-20.3167,118.5667,69.85,100,0,5.75,clear sky
399,Obo,CF,5.3998,26.4869,68.54,97,92,3.44,light rain
400,Loiza,PR,18.4313,-65.8802,83.44,77,20,14.97,haze
401,Cap Malheureux,MU,-19.9842,57.6142,71.47,81,42,3.0,scattered clouds
402,Lagoa,PT,39.05,-27.9833,59.16,78,74,5.46,broken clouds
403,Kaliua,TZ,-5.0606,31.7936,63.64,73,58,3.89,broken clouds
404,Talnakh,RU,69.4865,88.3972,34.21,83,89,5.39,overcast clouds
405,Requena,ES,39.4883,-1.1004,58.51,68,76,5.86,broken clouds
406,Kandrian,PG,-6.2167,149.55,80.58,83,94,6.76,light rain
407,Elko,US,41.0002,-115.5012,68.02,17,65,23.0,broken clouds
408,Camocim,BR,-2.9022,-40.8411,78.12,86,100,5.95,overcast clouds
409,Asau,RO,46.4333,26.4,50.95,70,37,5.68,scattered clouds
410,Quelimane,MZ,-17.8786,36.8883,68.63,94,0,3.85,clear sky
411,Maumere,ID,-8.6199,122.2111,80.42,77,11,6.78,few clouds
412,Port Shepstone,ZA,-30.7414,30.455,66.6,77,10,8.37,clear sky
413,Grootfontein,NA,-19.5667,18.1167,59.88,40,2,5.46,clear sky
414,Huaiyuan,CN,32.973,117.1995,66.04,65,95,5.39,overcast clouds
415,Ranong,TH,9.9658,98.6348,80.29,83,100,10.58,overcast clouds
416,Krasnokholmskiy,RU,55.9873,55.0466,34.9,96,20,6.44,few clouds
417,Adre,TD,13.4667,22.2,83.53,15,13,8.7,few clouds
418,Ati,TD,13.2154,18.3353,92.35,21,72,6.85,broken clouds
419,Broken Hill,AU,-31.95,141.4333,50.14,60,100,12.06,overcast clouds
420,Tonekabon,IR,36.8163,50.8738,70.07,58,0,2.35,clear sky
421,Vilhena,BR,-12.7406,-60.1458,57.7,50,79,3.36,broken clouds
422,Tomohon,ID,1.3346,124.8392,70.74,85,33,2.44,scattered clouds
423,Jiayuguan,CN,39.8167,98.3,62.22,30,45,4.07,scattered clouds
424,Iqaluit,CA,63.7506,-68.5145,29.93,92,100,4.61,light snow
425,Mabaruma,GY,8.2,-59.7833,74.16,85,67,3.4,broken clouds
426,Prince George,CA,53.9166,-122.753,59.25,37,92,5.99,overcast clouds
427,Shakiso,ET,5.75,38.9167,56.8,99,36,0.81,scattered clouds
428,Duluth,US,46.7833,-92.1066,53.08,88,100,17.27,overcast clouds
429,Curup,ID,-3.4667,102.5333,65.93,96,60,1.43,broken clouds
430,Bloemfontein,ZA,-29.1211,26.214,51.3,48,29,8.63,scattered clouds
431,Hay River,CA,60.8156,-115.7999,39.69,44,27,7.99,scattered clouds
432,Cidreira,BR,-30.1811,-50.2056,57.78,85,25,9.93,scattered clouds
433,Shimoda,JP,34.6667,138.95,69.28,76,100,5.66,overcast clouds
434,La Sarre,CA,48.8002,-79.1996,51.8,77,99,9.91,overcast clouds
435,Slave Lake,CA,55.2834,-114.769,41.05,93,100,10.22,overcast clouds
436,Moses Lake,US,47.1301,-119.2781,65.08,19,100,9.22,overcast clouds
437,Qunduz,AF,36.729,68.857,76.98,44,98,6.55,overcast clouds
438,Sergeyevka,KZ,53.88,67.4158,49.78,66,67,13.33,broken clouds
439,Bollnas,SE,61.3482,16.3946,43.74,79,100,3.06,overcast clouds
440,Okato,NZ,-39.2,173.8833,58.91,100,93,27.65,overcast clouds
441,Novokorsunskaya,RU,45.6408,39.1464,51.76,94,95,12.8,light rain
442,Vila,PT,42.0304,-8.1588,52.7,86,100,0.6,overcast clouds
443,Zhigansk,RU,66.7697,123.3711,38.48,71,5,5.86,clear sky
444,Canchungo,GW,12.0672,-16.0333,76.05,81,75,10.04,broken clouds
445,Meiktila,MM,20.8667,95.8667,80.62,74,99,5.08,overcast clouds
446,Mago,RU,53.2514,140.1822,42.93,68,89,2.66,overcast clouds
447,Filadelfia,US,39.9523,-75.1638,78.91,66,40,8.05,scattered clouds
448,Hit,IQ,33.6416,42.8251,82.31,19,18,12.26,few clouds
449,Ponferrada,ES,42.5466,-6.5962,68.11,63,100,3.0,overcast clouds
450,Ostrovnoy,RU,68.0531,39.5131,32.68,82,100,16.55,overcast clouds
451,Plouzane,FR,48.3833,-4.6167,57.25,71,0,3.44,light rain
452,Rincon,US,32.296,-81.2354,89.85,41,13,4.0,few clouds
453,Hofn,IS,64.2539,-15.2082,45.9,95,100,11.72,overcast clouds
454,Marystown,CA,47.1666,-55.1483,42.85,100,17,3.0,few clouds
455,Banyuwangi,ID,-8.2325,114.3576,75.96,92,99,1.92,overcast clouds
456,Fenoarivo Atsinanana,MG,-17.3667,49.4167,68.99,88,48,10.11,scattered clouds
457,Lakes Entrance,AU,-37.8811,147.981,57.16,59,92,5.1,overcast clouds
458,Sivaki,RU,52.6333,126.75,56.68,57,75,1.28,light rain
459,Trairi,BR,-3.2778,-39.2689,77.36,84,76,4.21,broken clouds
460,Comodoro Rivadavia,AR,-45.8667,-67.5,40.86,93,40,6.91,scattered clouds
461,Petropavlovsk-Kamchatskiy,RU,53.0452,158.6483,40.78,100,100,4.47,overcast clouds
462,Khanpur,PK,28.6453,70.6567,92.86,24,0,13.91,clear sky
463,Tautira,PF,-17.7333,-149.15,79.56,72,7,5.73,clear sky
464,Beringovskiy,RU,63.05,179.3167,36.32,88,100,5.28,overcast clouds
465,Hasaki,JP,35.7333,140.8333,70.29,74,99,14.41,overcast clouds
466,Jimma,ET,7.6667,36.8333,62.24,87,77,1.7,light rain
467,Kpandae,GH,8.4689,-0.0113,79.29,76,86,9.75,overcast clouds
468,Babu,CN,24.4167,111.5167,74.26,84,77,1.61,broken clouds
469,Cabra,ES,37.4725,-4.4421,73.74,35,97,6.04,overcast clouds
470,Nizwa,OM,22.9333,57.5333,82.85,32,1,3.44,clear sky
471,Saint-Joseph,RE,-21.3667,55.6167,66.58,73,21,10.31,few clouds
472,Vardo,NO,70.3705,31.1107,33.78,64,100,3.44,overcast clouds
473,Itacarambi,BR,-15.1022,-44.0919,59.79,29,84,5.46,broken clouds
474,Pedra Branca,BR,-5.4542,-39.7172,72.95,81,93,4.05,overcast clouds
475,Hualmay,PE,-11.0964,-77.6139,67.17,82,14,11.52,few clouds
476,Kaduna,NG,10.5222,7.4383,76.64,71,94,3.83,overcast clouds
477,Smithers,CA,54.7804,-127.1743,57.04,48,39,7.29,light rain
478,Alpena,US,45.0617,-83.4327,62.92,63,0,8.05,clear sky
479,Mareeba,AU,-17.0,145.4333,72.45,89,44,2.89,scattered clouds
480,Vidim,RU,56.4088,103.1106,57.06,51,61,2.57,broken clouds
481,Calbuco,CL,-41.768,-73.1273,60.01,77,95,18.84,overcast clouds
482,Ordzhonikidze,KZ,52.4411,61.7408,50.77,77,96,16.24,overcast clouds
483,Vila Do Maio,CV,15.1333,-23.2167,72.39,83,14,18.28,few clouds
484,Umm Lajj,SA,25.0213,37.2685,80.17,70,0,9.22,clear sky
485,Balclutha,NZ,-46.2339,169.75,42.84,85,100,6.8,overcast clouds
486,Sexsmith,CA,55.35,-118.786,45.75,61,75,10.36,broken clouds
487,Singaraja,ID,-8.112,115.0882,80.26,81,100,3.33,overcast clouds
488,Irtyshskiy,RU,58.3333,68.1333,42.64,86,38,11.56,scattered clouds
489,Aksay,RU,47.26,39.87,52.25,91,70,8.01,broken clouds
490,Mandera,KE,3.9366,41.867,79.36,63,37,16.69,scattered clouds
491,Ust-Kut,RU,56.7938,105.7672,56.01,54,27,0.76,scattered clouds
492,Kemijarvi,FI,66.7131,27.4306,33.73,75,57,3.04,broken clouds
493,Candido Mendes,BR,-1.4467,-45.7167,75.45,94,94,2.73,moderate rain
494,Kikwit,CD,-5.041,18.8162,75.36,78,94,0.63,overcast clouds
495,Omis,HR,43.4447,16.6886,64.18,55,3,4.5,clear sky
496,Aykhal,RU,66.0,111.5,33.51,99,100,8.14,overcast clouds
497,Yilan,TW,24.757,121.753,82.36,99,49,3.74,scattered clouds
498,Chapais,CA,49.7834,-74.8492,53.38,80,100,4.18,overcast clouds
499,Kupang,ID,-10.1667,123.5833,78.4,79,0,9.48,clear sky
500,Puerto El Triunfo,SV,13.2833,-88.55,84.99,66,57,8.61,broken clouds
501,Galesong,ID,-5.3166,119.3661,75.22,79,97,6.2,overcast clouds
502,Yazd,IR,31.8972,54.3675,72.86,17,0,2.71,clear sky
503,Ambilobe,MG,-13.2,49.05,68.02,82,100,3.38,overcast clouds
504,Twin Falls,US,42.3505,-114.6445,51.69,27,100,33.38,overcast clouds
505,Miyako,JP,39.6367,141.9525,64.96,58,60,3.47,broken clouds
506,Yuxia,CN,34.0615,108.6291,70.09,57,96,1.19,overcast clouds
507,Hauterive,FR,46.0901,3.4459,72.36,75,47,5.23,scattered clouds
508,Mersing,MY,2.4312,103.8405,77.41,89,60,3.62,broken clouds
509,Luderitz,NA,-26.6481,15.1594,53.31,83,3,8.1,clear sky
510,Boguchany,RU,58.3814,97.4531,57.27,63,53,5.1,broken clouds
511,Kamaishi,JP,39.2667,141.8833,63.34,63,86,4.74,overcast clouds
512,Zambezi,ZM,-13.5432,23.1047,60.01,60,73,2.15,broken clouds
513,San Isidro,PE,-12.1167,-77.05,73.02,68,20,13.8,few clouds
514,Karasburg,NA,-28.0167,18.75,47.91,75,90,15.32,overcast clouds
515,Praia Da Vitoria,PT,38.7333,-27.0667,58.75,100,20,9.22,few clouds
516,Marquette,US,46.5333,-87.6335,49.44,93,100,7.09,overcast clouds
517,Kumluca,TR,36.3703,30.2869,66.72,63,11,4.76,few clouds
518,Aasiaat,GL,68.7098,-52.8699,27.1,76,2,7.85,clear sky
519,Bam,IR,29.106,58.357,81.34,10,0,13.24,clear sky
520,Antofagasta,CL,-23.65,-70.4,60.08,83,10,5.26,clear sky
521,Brokopondo,SR,4.75,-55.1667,74.89,94,100,6.38,overcast clouds
522,Inegol,TR,40.0781,29.5133,40.28,89,2,1.21,clear sky
523,Feicheng,CN,35.2606,117.9675,68.54,52,10,5.46,clear sky
524,Manbij,SY,36.5281,37.9549,64.2,55,0,10.2,clear sky
525,Ust-Nera,RU,64.5667,143.2,37.85,80,91,5.32,overcast clouds
526,Negara,ID,-8.3151,114.6025,76.96,90,98,2.91,overcast clouds
527,Gambela,ET,8.25,34.5833,71.6,85,80,4.5,broken clouds
528,Dakar,SN,14.6937,-17.4441,74.28,83,15,19.73,few clouds
529,Chicama,PE,-7.8447,-79.1469,63.14,78,43,9.1,scattered clouds
530,Oranjestad,AW,12.524,-70.027,82.35,74,20,21.85,few clouds
531,Luis Correia,BR,-2.8792,-41.6669,77.9,85,93,5.82,overcast clouds
532,Ryotsu,JP,38.0833,138.4333,64.33,69,93,8.16,overcast clouds
533,Namatanai,PG,-3.6667,152.4333,83.91,68,15,4.45,few clouds
534,Buraydah,SA,26.326,43.975,84.65,11,0,6.67,clear sky
535,Salinopolis,BR,-0.6136,-47.3561,77.11,87,100,4.41,overcast clouds
536,Itupeva,BR,-23.1531,-47.0578,51.53,76,0,4.61,clear sky
537,Lodja,CD,-3.4833,23.4333,70.52,93,81,1.07,broken clouds
538,Husavik,IS,66.0449,-17.3389,47.08,78,60,10.29,broken clouds
539,Sainte-Rose,GP,16.3324,-61.6979,80.64,78,20,6.91,few clouds
540,Nizhnevartovsk,RU,60.9344,76.5531,48.22,100,20,13.42,few clouds
541,Hervey Bay,AU,-25.2986,152.8535,72.01,70,100,5.99,overcast clouds
542,Saint-Augustin,CA,51.226,-58.6502,45.59,65,89,10.56,overcast clouds
543,Atikokan,CA,48.7555,-91.6216,55.33,63,100,9.42,overcast clouds
544,Jalu,LY,29.0331,21.5482,73.18,51,0,16.06,clear sky
545,Mount Isa,AU,-20.7333,139.5,71.37,56,75,8.05,broken clouds
546,Portland,US,45.5234,-122.6762,58.62,73,75,5.99,broken clouds
547,Axim,GH,4.8699,-2.2405,79.63,87,100,7.99,overcast clouds
548,Agadez,NE,19.75,10.25,84.56,28,60,9.04,broken clouds
549,Okhotsk,RU,59.3833,143.3,35.89,97,96,8.84,light rain
550,Jumla,NP,29.2747,82.1838,52.57,78,8,4.85,clear sky
551,Pacifica,US,37.6138,-122.4869,82.53,57,40,26.46,haze
552,Marzuq,YE,14.4,46.4667,74.82,28,10,4.61,clear sky
553,Ginda,IN,30.6945,78.4932,62.6,35,0,8.77,clear sky
554,Tsabong,BW,-26.0217,22.401,59.67,64,75,10.38,broken clouds
555,Egvekinot,RU,66.3167,-179.1667,30.92,93,99,3.98,overcast clouds
556,Conde,BR,-7.2597,-34.9075,78.26,94,20,3.44,few clouds
557,Frutal,BR,-20.0247,-48.9406,54.34,62,22,2.1,few clouds
558,Kaeo,NZ,-35.1,173.7833,65.32,88,97,16.42,overcast clouds
559,Margate,GB,51.3813,1.3862,56.3,86,96,3.0,overcast clouds
560,Skibbereen,IE,51.55,-9.2667,55.11,89,82,16.82,broken clouds
561,Simao,CN,22.7886,100.9748,63.03,99,55,1.88,broken clouds
562,Lamont,US,35.2597,-118.9143,93.47,13,5,15.17,clear sky
563,Mgandu,TZ,-5.95,34.1333,58.24,82,48,7.85,scattered clouds
564,Auki,SB,-8.7676,160.7034,83.91,68,2,0.98,clear sky
565,Troutdale,US,45.5393,-122.3873,58.01,74,0,5.75,clear sky
566,Bilibino,RU,68.0546,166.4372,38.79,99,100,1.86,overcast clouds
567,Moissala,TD,8.3404,17.7663,76.62,73,75,1.61,broken clouds
568,Kaduqli,SD,11.0167,29.7167,85.05,42,52,4.38,broken clouds
569,Kargil,IN,34.5667,76.1,45.43,53,97,3.13,light rain
570,Yumen,CN,40.2833,97.2,63.28,30,20,2.19,few clouds
571,Ulaangom,MN,49.9811,92.0667,61.79,30,4,2.75,clear sky
572,Toropets,RU,56.4978,31.6353,40.91,96,73,4.9,broken clouds
573,Wageningen,NL,51.9667,5.6667,57.04,96,100,2.3,mist
574,The Pas,CA,53.8251,-101.2541,48.22,40,100,10.36,overcast clouds
575,Whitehorse,CA,60.7161,-135.0538,58.1,32,75,4.61,broken clouds
576,Road Town,VG,18.4167,-64.6167,82.44,78,40,6.91,scattered clouds
577,Jacareacanga,BR,-6.2222,-57.7528,71.42,69,17,2.68,few clouds
578,Roald,NO,62.5833,6.1333,52.75,93,64,9.22,broken clouds
579,Borovoy,RU,55.4333,86.0833,54.68,71,0,11.18,clear sky
580,Lerwick,GB,60.1545,-1.1494,50.0,83,81,11.86,broken clouds
581,Mana,GF,5.6592,-53.7767,76.77,87,57,6.02,broken clouds
582,Tazovskiy,RU,67.4667,78.7,36.93,89,100,15.55,overcast clouds
583,Santiago De Cao,PE,-7.9589,-79.2392,64.53,82,59,11.5,fog
584,Port Macquarie,AU,-31.4333,152.9167,60.89,66,100,8.12,overcast clouds
585,Kysyl-Syr,RU,63.8986,122.7617,42.96,80,61,7.52,broken clouds
586,Oksfjord,NO,70.2396,22.3479,35.78,86,56,8.21,broken clouds
587,Gimli,CA,50.6336,-96.9907,41.02,60,100,11.5,light rain
588,Taicheng,CN,38.731,113.228,61.86,41,7,2.01,clear sky
589,Pleasant Point,NZ,-44.2667,171.1333,48.27,45,100,5.44,overcast clouds
590,Ontario,US,34.0633,-117.6509,92.66,56,20,17.27,haze
591,Shiyan,CN,32.6475,110.7781,63.1,81,69,1.79,broken clouds
592,Amalner,IN,21.05,75.0667,87.28,39,7,10.65,clear sky
593,Warrington,GB,53.3925,-2.5802,56.12,73,0,6.91,clear sky
594,Birsk,RU,55.4211,55.5428,36.39,97,33,8.3,scattered clouds
595,Hidalgotitlan,MX,17.7833,-94.6333,95.02,23,45,15.73,scattered clouds
596,Chiredzi,ZW,-21.05,31.6667,66.72,69,72,5.3,broken clouds
597,Huron,US,41.1501,-82.5499,77.56,61,89,8.32,overcast clouds
598,Sete Lagoas,BR,-19.4658,-44.2467,56.28,66,100,4.56,overcast clouds
599,Choya,RU,52.0108,86.5467,56.73,90,56,2.89,broken clouds
600,Santa Marta,CO,11.2408,-74.199,85.89,73,100,10.0,overcast clouds
601,Badou,TG,7.5833,0.6,73.99,95,53,4.03,broken clouds
602,High Level,CA,58.5169,-117.136,51.91,35,20,16.11,few clouds
603,Lamu,KE,-2.2717,40.902,79.02,80,79,12.84,broken clouds
604,Papetoai,PF,-17.4961,-149.8729,85.59,73,9,7.29,light rain
605,Sao Felix Do Xingu,BR,-6.6447,-51.995,70.93,74,8,1.59,clear sky
606,Mazagao,BR,-0.115,-51.2894,78.85,98,98,4.03,overcast clouds
607,Andenes,NO,69.3143,16.1194,33.78,86,96,3.44,overcast clouds
608,Kahului,US,20.8947,-156.47,86.02,54,40,11.5,scattered clouds
609,Laguna,US,38.421,-121.4238,93.16,15,0,18.41,clear sky
610,Karratha,AU,-20.7377,116.8463,73.49,66,0,6.08,clear sky
611,Half Moon Bay,US,37.4636,-122.4286,83.53,55,0,26.46,haze
612,Matara,LK,5.9485,80.5353,77.52,91,75,8.41,broken clouds
613,Bhachau,IN,23.2833,70.35,80.69,72,1,11.77,clear sky
614,Tinde,TZ,-3.8833,33.2,65.53,51,50,4.29,scattered clouds
615,Moree,AU,-29.4667,149.85,60.06,64,100,10.69,light rain
616,Kampong Chhnang,KH,12.1667,104.55,76.66,90,98,1.59,overcast clouds
617,Magsaysay,PH,6.7667,125.1833,78.66,83,69,2.57,broken clouds
618,Tommot,RU,58.9564,126.2925,45.91,94,100,10.02,light rain
619,Itaituba,BR,-4.2761,-55.9836,73.18,83,99,2.53,overcast clouds
620,Ormara,PK,25.2088,64.6357,81.43,90,0,11.9,clear sky
621,Antsohihy,MG,-14.8796,47.9875,68.86,72,29,7.14,scattered clouds
622,Keti Bandar,PK,24.1447,67.4497,80.98,84,0,15.99,clear sky
623,Acapulco,MX,16.8634,-99.8901,85.82,58,0,6.91,clear sky
624,Le Port,RE,-20.9373,55.2919,69.76,79,51,1.77,broken clouds
625,Biak,ID,-0.9131,122.8766,78.58,82,77,5.66,broken clouds
626,Valparaiso,CL,-33.0393,-71.6273,58.64,83,75,6.91,broken clouds
627,Owase,JP,34.0667,136.2,70.86,51,100,0.54,overcast clouds
628,Ukiah,US,39.1502,-123.2078,83.44,31,0,18.41,clear sky
629,Matay,EG,28.419,30.7792,79.0,21,64,7.74,broken clouds
630,Omboue,GA,-1.5746,9.2618,75.96,92,99,4.18,overcast clouds
631,San Pedro,PH,14.35,121.0167,79.83,89,75,1.14,broken clouds
632,Kieta,PG,-6.2167,155.6333,84.29,69,2,2.57,clear sky
633,Flin Flon,CA,54.7682,-101.865,51.64,40,75,16.11,broken clouds
634,Waverly,US,42.7392,-84.6208,75.13,74,75,8.05,light rain
635,Bathsheba,BB,13.2167,-59.5167,81.21,78,20,16.11,few clouds
636,Grindavik,IS,63.8424,-22.4338,50.47,87,75,8.05,moderate rain
637,Japura,ID,-0.3167,102.35,74.68,98,95,2.89,overcast clouds
638,Abu Samrah,SY,35.3029,37.1841,64.71,55,0,5.79,clear sky
639,Neustadt,DE,49.7117,12.0872,62.29,94,0,0.0,light rain
640,Olga,RU,43.7444,135.2892,61.9,64,29,3.27,scattered clouds
641,Xihua,CN,33.7833,114.5167,63.7,72,92,2.19,overcast clouds
642,Chernyshevskiy,RU,63.0128,112.4714,43.16,93,100,6.49,overcast clouds
643,Villa Carlos Paz,AR,-31.4241,-64.4978,53.38,64,7,4.29,clear sky
644,Toguchin,RU,55.2353,84.3858,52.66,72,20,8.59,few clouds
645,Luangwa,ZM,-15.6167,30.4167,64.09,84,1,3.24,clear sky
646,Altus,US,34.6381,-99.334,107.67,10,0,18.41,clear sky
647,Barreiras,BR,-12.1528,-44.99,70.43,45,96,3.56,overcast clouds
648,San Quintin,MX,30.4833,-115.95,64.47,65,1,8.41,clear sky
649,Koungheul,SN,13.9833,-14.8,87.42,35,40,14.14,scattered clouds
650,Zhuanghe,CN,39.7008,122.9911,58.57,83,78,11.86,broken clouds
651,Pyinmana,MM,19.7333,96.2167,78.48,85,100,1.48,overcast clouds
652,Tarakan,ID,3.3,117.6333,76.5,94,40,2.3,light rain
653,Kourou,GF,5.1552,-52.6478,80.11,90,92,4.81,overcast clouds
654,Aboso,GH,5.3617,-1.9473,75.31,97,99,2.17,overcast clouds
655,Gurupa,BR,-1.405,-51.64,73.4,98,99,2.62,overcast clouds
656,Minot,US,48.2325,-101.2963,52.02,71,100,9.22,overcast clouds
657,Kapit,MY,2.0167,112.9333,74.17,100,100,0.27,overcast clouds
658,Pangkalanbuun,ID,-2.6833,111.6167,73.96,98,74,1.54,broken clouds
659,Tyukhtet,RU,56.5389,89.3011,58.5,81,100,13.38,overcast clouds
660,Jibuti,DJ,11.5,42.5,82.31,36,49,2.06,scattered clouds
661,Bondo,CD,3.8146,23.6866,69.22,99,96,2.33,overcast clouds
662,Grand Gaube,MU,-20.0064,57.6608,73.8,81,50,5.01,scattered clouds
663,Biloela,AU,-24.4167,150.5,66.43,75,100,16.06,overcast clouds
664,Shirokiy,RU,49.758,129.523,55.0,56,99,14.67,overcast clouds
665,Antalaha,MG,-14.9003,50.2788,69.73,86,39,7.2,scattered clouds
666,Corinto,GR,37.9407,22.9573,61.41,50,0,4.97,clear sky
667,Iquitos,PE,-3.7481,-73.2472,73.44,78,100,3.44,overcast clouds
668,Taihe,CN,30.8712,105.3845,66.74,87,100,2.46,overcast clouds
669,Camacha,PT,33.0833,-16.3333,63.82,88,40,9.22,scattered clouds
670,Chunoyar,RU,57.4467,97.3217,59.54,62,39,4.74,scattered clouds
671,Kibala,TD,9.1104,18.3463,82.35,74,0,9.22,clear sky
672,Pervomayskoye,RU,43.919,46.7102,54.55,85,100,20.98,overcast clouds
673,Aromashevo,RU,56.8602,68.6375,43.41,86,41,11.21,scattered clouds
674,Kyren,RU,51.6828,102.1408,62.92,42,26,1.79,scattered clouds
675,Geilo,NO,60.5333,8.2076,45.55,69,100,7.0,overcast clouds
676,Trincomalee,LK,8.5711,81.2335,81.72,74,96,21.7,overcast clouds
677,Ongandjera,NA,-17.8833,15.0667,62.89,61,22,13.04,few clouds
678,Nagato,JP,34.3833,131.2,62.2,66,100,5.23,overcast clouds
679,Neyshabur,IR,36.2133,58.7958,64.2,51,0,2.98,clear sky
680,Inhambane,MZ,-23.865,35.3833,70.84,85,67,6.69,broken clouds
681,Wajid,SO,3.8093,43.2471,74.17,75,58,18.66,broken clouds
682,Ndioum,SN,16.5129,-14.6471,87.69,21,6,15.57,clear sky
683,Tongren,CN,27.7172,109.1853,59.32,95,83,1.39,broken clouds
684,Hearst,CA,49.6835,-83.6665,57.45,68,100,2.66,overcast clouds
685,Jiblah,YE,13.9216,44.1467,67.42,34,7,4.88,clear sky
686,Cascais,PT,38.6979,-9.4215,66.97,64,99,18.01,overcast clouds
687,Gladstone,AU,-23.85,151.25,67.93,83,100,10.36,light rain
688,Sept-Iles,CA,50.2001,-66.3821,54.12,57,40,6.91,scattered clouds
689,Dwarka,IN,22.2394,68.9678,81.21,79,1,15.97,clear sky
690,Forbes,AU,-33.3833,148.0167,50.92,66,100,10.47,overcast clouds
691,Mingyue,CN,43.1069,128.9217,62.19,62,8,5.37,clear sky
692,Isiro,CD,2.7739,27.616,67.03,98,94,1.7,overcast clouds
693,Adrar,MR,20.5022,-10.0711,84.74,8,87,1.1,overcast clouds
694,Prokudskoye,RU,55.0089,82.4574,53.47,57,0,11.18,clear sky
695,Gorontalo,ID,0.5412,123.0595,77.7,92,41,1.32,scattered clouds
696,Svetlaya,RU,46.5389,138.3297,57.52,57,80,2.51,broken clouds
697,Najran,SA,17.4924,44.1277,74.05,15,13,3.83,few clouds
698,Tarragona,ES,41.129,1.249,67.39,79,0,2.3,clear sky
699,Port Lincoln,AU,-34.7333,135.8667,57.79,61,2,15.64,clear sky
700,Boden,SE,65.8252,21.6886,41.0,61,100,3.74,overcast clouds
701,Fengxian,CN,34.7039,116.5872,67.32,61,78,2.1,broken clouds
702,Vila Velha,BR,-20.3297,-40.2925,66.15,68,0,4.61,clear sky
